-----------------------------------------------------------------------------------------------------

---Q1> Count the number of Salesperson whose name begin with ‘a’/’A’

mysql> Select count(Sname) from salespeople  WHERE Sname LIKE 'A%';
+--------------+
| count(Sname) |
+--------------+
|            1 |
+--------------+
1 row in set (0.20 sec)

-----------------------------------------------------------------------------------------------------------------

---Q2> Display all the Salesperson whose all orders worth is more than Rs. 2000.

mysql> SELECT SNUM FROM ORDERS WHERE AMT > 2000;
+------+
| SNUM |
+------+
| 1002 |
| 1001 |
| 1001 |
+------+
3 rows in set (0.04 sec)

------------------------------------------------------------------------------------------------------------

----Q3> Count the number of Salesperson belonging to Newyork.
mysql> Select count(Sname) from salespeople  WHERE City = "New York";
+--------------+
| count(Sname) |
+--------------+
|            1 |
+--------------+
1 row in set (0.04 sec)

-------------------------------------------------------------------------------------------------------------

----Q4> Display the number of Salespeople belonging to London and belonging to Paris.

mysql> SELECT * FROM Salespeople WHERE City = "London" OR City = "Paris";
+------+--------+--------+------+
| Snum | Sname  | City   | COMM |
+------+--------+--------+------+
| 1001 | Peel   | London | 0.12 |
| 1004 | Motika | London | 0.11 |
+------+--------+--------+------+

-----------------------------------------------------------------------------------------------------------------

-----Q5> Display the number of orders taken by each Salesperson and their date of orders.

mysql> SELECT odate,snum,COUNT(*) FROM orders GROUP BY odate,snum;
+---------------------+------+----------+
| odate               | snum | COUNT(*) |
+---------------------+------+----------+
| 1990-03-10 00:00:00 | 1007 |        2 |
| 1990-03-10 00:00:00 | 1004 |        1 |
| 1990-03-10 00:00:00 | 1001 |        1 |
| 1990-03-10 00:00:00 | 1002 |        1 |
| 1990-04-10 00:00:00 | 1002 |        1 |
| 1990-05-10 00:00:00 | 1001 |        1 |
| 1990-04-10 00:00:00 | 1003 |        1 |
| 1990-06-10 00:00:00 | 1002 |        1 |
| 1990-06-10 00:00:00 | 1001 |        1 |
+---------------------+------+----------+
9 rows in set (0.07 sec)

-----------------------------------------------------------------------------------------------------------------------